City_ID,City,Lat,Lng,Max Temp,Humidity,Cloudiness,Wind Speed,Country,Date
0,hermanus,-34.4187,19.2345,291.37,91,100,3.91,ZA,1682286221
1,hilo,19.7297,-155.09,303.31,70,75,4.63,US,1682286223
2,tuktoyaktuk,69.4541,-133.0374,254.15,78,20,3.09,CA,1682286224
3,neuquen,-38.9516,-68.0591,299.09,36,0,2.57,AR,1682285963
4,kruisfontein,-34.0033,24.7314,292.53,71,100,1.67,ZA,1682285969
5,ambilobe,-13.2,49.05,296.14,96,4,1.26,MG,1682286227
6,vaini,-21.2,-175.2,300.24,74,75,5.66,TO,1682286228
7,bredasdorp,-34.5322,20.0403,291.27,82,100,2.82,ZA,1682286218
8,gat,31.61,34.7642,291.7,100,86,2.05,IL,1682286230
9,ushuaia,-54.8,-68.3,279.96,57,20,2.06,AR,1682286203
10,kaitangata,-46.2817,169.8464,283.67,63,58,6.61,NZ,1682286232
11,flinders,-34.5833,150.8552,289.29,93,100,0.89,AU,1682286233
12,taoudenni,22.6783,-3.9836,303.89,9,0,2.32,ML,1682286232
13,hobart,-42.8794,147.3294,280.96,84,0,3.6,AU,1682286009
14,udachnyy,66.4167,112.4,261.12,98,100,0.74,RU,1682286236
15,severo-kurilsk,50.6789,156.125,273.24,89,88,6.99,RU,1682286228
16,miles city,46.4083,-105.8406,283.69,34,0,2.06,US,1682286239
17,rae bareli,26.2167,81.2333,300.51,23,100,1.02,IN,1682286240
18,mataura,-46.1927,168.8643,284.53,90,98,4.31,NZ,1682286218
19,jamestown,42.097,-79.2353,279.92,66,100,3.6,US,1682286222
20,dikson,73.5069,80.5464,274.08,86,99,8.41,RU,1682286243
21,carnarvon,-24.8667,113.6333,295.33,74,100,5.58,AU,1682286244
22,hithadhoo,-0.6,73.0833,301.54,76,97,2.38,MV,1682286246
23,kapaa,22.0752,-159.319,300.14,77,100,2.06,US,1682285953
24,rikitea,-23.1203,-134.9692,299.34,87,100,6.62,PF,1682286216
25,port elizabeth,-33.918,25.5701,293.76,82,0,1.03,ZA,1682286213
26,chuy,-33.6971,-53.4616,291.54,88,100,3.63,UY,1682285957
27,barrow,71.2906,-156.7887,258.16,78,75,4.63,US,1682286252
28,cape town,-33.9258,18.4232,291.69,92,75,7.2,ZA,1682286152
29,cayenne,4.9333,-52.3333,298.17,94,0,1.54,GF,1682286204
30,avarua,-21.2078,-159.775,299.18,65,33,5.14,CK,1682286220
31,comodoro rivadavia,-45.8667,-67.5,292.07,34,0,1.54,AR,1682286258
32,bluff,-46.6,168.3333,284.71,66,56,11.51,NZ,1682286214
33,geraldton,-28.7667,114.6,293.38,64,95,5.66,AU,1682286260
34,lima,-12.0432,-77.0282,297.29,73,40,7.72,PE,1682286261
35,busselton,-33.65,115.3333,286.8,73,100,6.03,AU,1682286211
36,peniche,39.3558,-9.3811,289.42,91,37,3.57,PT,1682285966
37,punta arenas,-53.15,-70.9167,282.21,61,0,2.06,CL,1682286059
38,kankon,15.0167,74.0167,297.05,83,3,3.33,IN,1682286266
39,castro,-24.7911,-50.0119,286.72,79,0,1.66,BR,1682286267
40,eggenfelden,48.4054,12.7626,285.27,93,98,3.06,DE,1682286268
41,bethel,41.3712,-73.414,289.83,72,75,4.63,US,1682285978
42,zheleznodorozhnyy,55.7503,38.0042,284.46,54,19,0.81,RU,1682286270
43,sangmelima,2.9333,11.9833,294.31,86,67,0.81,CM,1682286271
44,ribeira grande,38.5167,-28.7,290.25,94,100,2.68,PT,1682286221
45,kodiak,57.79,-152.4072,276.88,38,0,7.2,US,1682286274
46,norman wells,65.282,-126.8329,262.17,67,100,6.69,CA,1682286275
47,fortuna,40.5982,-124.1573,286.85,84,100,1.34,US,1682286256
48,yellowknife,62.456,-114.3525,283.44,37,20,3.09,CA,1682286216
49,luderitz,-26.6481,15.1594,292.05,48,100,1.83,,1682286243
50,upernavik,72.7868,-56.1549,273.24,98,100,3.99,GL,1682286244
51,chokurdakh,70.6333,147.9167,267.57,95,100,3.56,RU,1682286246
52,talnakh,69.4865,88.3972,272.71,91,95,3.48,RU,1682286254
53,bambous virieux,-20.3428,57.7575,298.29,83,40,1.54,MU,1682286272
54,guane,22.2025,-84.0875,304.13,39,0,1.2,CU,1682286283
55,saskylakh,71.9167,114.0833,256.78,100,96,2.03,RU,1682286260
56,leningradskiy,69.3833,178.4167,257.3,88,28,7.13,RU,1682286228
57,namatanai,-3.6667,152.4333,300.72,77,86,2.18,PG,1682286215
58,tasiilaq,65.6145,-37.6368,275.24,91,100,2.68,GL,1682286202
59,qaanaaq,77.484,-69.3632,261.72,92,94,0.57,GL,1682286216
60,alofi,-19.0595,-169.9187,300.09,69,3,6.17,NU,1682286243
61,keti bandar,24.1447,67.4497,299.4,76,56,6.33,PK,1682286291
62,port alfred,-33.5906,26.891,293.94,66,97,3.51,ZA,1682286224
63,waipawa,-41.4122,175.5153,282.38,70,100,8.96,NZ,1682286294
64,mandalgovi,45.7625,106.2708,278.79,20,100,6.51,MN,1682286295
65,marsaxlokk,35.8419,14.5431,290.97,77,0,2.06,MT,1682286296
66,ukiah,39.1502,-123.2078,298.95,52,0,3.6,US,1682286297
67,adrar,20.5022,-10.0711,299.71,20,0,4.65,MR,1682286298
68,arraial do cabo,-22.9661,-42.0278,296.07,73,0,1.54,BR,1682286242
69,vanavara,60.34,102.2797,265.31,91,99,1.62,RU,1682286300
70,mar del plata,-38.0023,-57.5575,290.16,90,20,2.57,AR,1682286145
71,albany,42.6001,-73.9662,285.17,78,97,0.45,US,1682286277
72,quelimane,-17.8786,36.8883,298.12,78,0,1.03,MZ,1682286304
73,dickinson,29.4608,-95.0513,290.36,81,0,3.6,US,1682286305
74,bengkulu,-3.8004,102.2655,298.02,86,23,1.75,ID,1682286259
75,ketchikan,55.3422,-131.6461,281.41,93,100,5.66,US,1682286308
76,natal,-5.795,-35.2094,300.51,78,20,4.12,BR,1682286310
77,ornskoldsvik,63.2909,18.7153,271.68,100,100,4.63,SE,1682286312
78,klaksvik,62.2266,-6.589,275.66,64,100,11.26,FO,1682286259
79,puerto ayora,-0.7393,-90.3518,303.13,86,59,4.47,EC,1682286277
80,port hardy,50.6996,-127.4199,282.25,87,100,3.6,CA,1682286168
81,maxixe,-23.8597,35.3472,295.13,92,5,2.51,MZ,1682286318
82,samarai,-10.6167,150.6667,301.88,76,90,3.98,PG,1682286319
83,atuona,-9.8,-139.0333,300.62,77,18,6.52,PF,1682286204
84,kavieng,-2.5744,150.7967,300.33,78,100,1.82,PG,1682286276
85,tautira,-17.7333,-149.15,300.11,83,100,6.91,PF,1682286311
86,faya,18.3851,42.4509,289.21,57,32,1.46,SA,1682286323
87,kidal,18.4411,1.4078,304.16,14,65,4.51,ML,1682286324
88,guerrero negro,27.9769,-114.0611,293.43,59,10,7.14,MX,1682286254
89,tura,25.5198,90.2201,291.04,74,22,1.29,IN,1682286323
90,cabo san lucas,22.8909,-109.9124,306.32,23,20,4.12,MX,1682286013
91,hailey,43.5196,-114.3153,284.07,44,20,0.0,US,1682286329
92,nioro,13.35,-15.75,304.53,19,5,6.01,GM,1682286330
93,timbiras,-4.2553,-43.9406,298.52,76,95,1.31,BR,1682286331
94,baherden,38.4362,57.4316,296.2,30,77,2.43,TM,1682286329
95,san cristobal,7.7669,-72.225,300.25,89,66,0.99,VE,1682286049
96,new norfolk,-42.7826,147.0587,280.77,66,8,1.44,AU,1682286227
97,elyria,41.3684,-82.1077,280.36,73,100,4.12,US,1682286001
98,khatanga,71.9667,102.5,254.98,99,71,2.29,RU,1682286307
99,provideniya,64.3833,-173.3,267.24,58,20,7.15,RU,1682286338
100,longyearbyen,78.2186,15.6401,263.06,85,0,4.63,SJ,1682286334
101,hervey bay,-25.2986,152.8535,296.56,62,10,11.16,AU,1682286341
102,yaan,7.3833,8.5667,300.52,73,99,2.19,NG,1682286342
103,mahuva,21.0914,71.7622,301.21,46,25,3.82,IN,1682286344
104,butaritari,3.0707,172.7902,301.34,79,56,7.37,KI,1682286220
105,arlit,18.7369,7.3853,303.86,8,92,2.9,NE,1682286346
106,malyye derbety,47.9547,44.6808,283.14,76,24,2.29,RU,1682286347
107,vila velha,-20.3297,-40.2925,296.12,88,75,1.03,BR,1682286349
108,vitim,59.4511,112.5578,267.91,95,100,1.72,RU,1682286178
109,rudnaya pristan,44.3614,135.8116,278.05,44,27,4.62,RU,1682286351
110,sulangan,11.1373,123.7228,301.18,77,99,4.36,PH,1682286353
111,fairbanks,64.8378,-147.7164,264.04,53,100,10.8,US,1682286354
112,kabanjahe,3.1001,98.4908,291.12,91,98,0.72,ID,1682286355
113,tazovskiy,67.4667,78.7,273.19,97,100,7.07,RU,1682286357
114,jutai,-5.1833,-68.9,298.3,88,80,1.02,BR,1682286359
115,saint-michel-des-saints,46.6834,-73.9159,277.56,97,100,3.07,CA,1682286360
116,haines junction,60.7522,-137.5108,270.12,68,100,6.17,CA,1682286361
117,cherskiy,68.75,161.3,273.22,68,100,1.98,RU,1682286362
118,narsaq,60.9167,-46.05,281.27,76,96,0.84,GL,1682286231
119,almaznyy,48.0448,40.045,280.16,88,72,1.95,RU,1682286364
120,pevek,69.7008,170.3133,271.96,70,1,2.31,RU,1682286237
121,gizo,-8.103,156.8419,302.03,73,57,2.36,SB,1682286366
122,lavrentiya,65.5833,-171.0,265.46,69,2,2.45,RU,1682286201
123,las cruces,32.3123,-106.7783,296.82,23,73,5.36,US,1682286201
124,carupano,10.6678,-63.2585,298.84,87,100,2.09,VE,1682286370
125,lebu,-37.6167,-73.65,285.84,82,0,5.79,CL,1682286212
126,salalah,17.0151,54.0924,301.2,78,20,2.57,OM,1682286285
127,tuatapere,-46.1333,167.6833,281.83,77,96,6.12,NZ,1682286373
128,mahebourg,-20.4081,57.7,298.31,83,40,1.54,MU,1682286281
129,xiaoweizhai,26.1903,107.5125,280.54,96,100,2.53,CN,1682286375
130,machico,32.7,-16.7667,292.43,81,20,2.57,PT,1682286376
131,vestmanna,62.1564,-7.1664,274.66,64,100,7.72,FO,1682286377
132,amarante,-6.2411,-42.8547,299.44,47,57,0.8,BR,1682286378
133,east london,-33.0153,27.9116,293.27,62,100,3.48,ZA,1682286253
134,syracuse,37.0881,15.2792,288.33,68,96,3.0,IT,1682286150
135,ranong,9.9658,98.6348,299.48,88,87,1.57,TH,1682286382
136,basco,20.4487,121.9702,297.72,75,15,5.91,PH,1682286383
137,aragats,40.4889,44.3528,280.91,66,95,0.97,AM,1682286385
138,kresek,-6.1314,106.3797,299.32,86,85,1.77,ID,1682286386
139,jiangyou,31.7667,104.7167,284.17,85,100,0.92,CN,1682286387
140,kaniama,-7.5667,24.1833,292.57,97,100,0.93,CD,1682286389
141,westport,41.1415,-73.3579,291.42,66,40,7.72,US,1682286293
142,nome,64.5011,-165.4064,271.19,59,0,1.54,US,1682286392
143,cidreira,-30.1811,-50.2056,294.81,80,78,6.29,BR,1682286221
144,mount gambier,-37.8333,140.7667,284.6,82,0,2.32,AU,1682286210
145,kalmar,56.6616,16.3616,281.11,93,77,2.06,SE,1682286395
146,cermik,38.1361,39.4493,285.99,79,39,1.4,TR,1682286396
147,melfort,52.8667,-104.6177,281.22,27,15,3.09,CA,1682286398
148,trairi,-3.2778,-39.2689,298.07,87,99,3.3,BR,1682286273
149,killin,33.6123,-91.7412,285.2,58,100,2.57,US,1682286400
150,kieta,-6.2167,155.6333,301.58,78,37,1.1,PG,1682286401
151,saint-philippe,-21.3585,55.7679,298.92,74,100,2.81,RE,1682286225
152,taman,45.2117,36.7161,283.32,78,25,3.28,RU,1682286403
153,kendari,-3.945,122.4989,297.04,95,83,0.99,ID,1682286404
154,matara,5.9485,80.5353,298.99,89,100,0.8,LK,1682286336
155,tiksi,71.6872,128.8694,261.54,96,80,1.71,RU,1682286262
156,alta floresta,-9.8756,-56.0861,295.99,93,87,1.06,BR,1682286407
157,te anau,-45.4167,167.7167,279.36,82,91,0.39,NZ,1682286408
158,marsa matruh,31.3525,27.2453,291.26,77,0,2.06,EG,1682286410
159,rocha,-34.4833,-54.3333,290.09,96,100,2.53,UY,1682286282
160,key largo,25.0865,-80.4473,301.15,65,16,2.7,US,1682286413
161,ancud,-41.8697,-73.8203,283.75,82,89,0.71,CL,1682286414
162,saint anthony,45.0205,-93.218,280.31,44,100,5.66,US,1682286415
163,londa,15.4691,74.5191,292.33,70,3,0.94,IN,1682286416
164,highland,34.1283,-117.2086,303.44,38,3,2.68,US,1682286334
165,hambantota,6.1241,81.1185,298.34,100,20,1.03,LK,1682286418
166,am timan,11.0297,20.2827,301.02,57,100,6.07,TD,1682286419
167,ilulissat,69.2167,-51.1,274.16,93,100,1.54,GL,1682286200
168,aleksandrov gay,50.147,48.5704,286.77,58,100,1.86,RU,1682286421
169,nanortalik,60.1432,-45.2371,274.02,85,91,2.56,GL,1682286423
170,san patricio,28.017,-97.5169,295.07,86,100,4.71,US,1682286221
171,nouadhibou,20.931,-17.0347,294.14,73,0,7.2,MR,1682286425
172,seoul,37.5683,126.9778,285.91,47,0,3.6,KR,1682286013
173,marawi,7.9986,124.2928,293.53,94,54,0.65,PH,1682286428
174,mackenzie,55.2999,-123.1698,279.27,81,100,3.09,CA,1682286338
175,phonhong,18.5007,102.4166,296.04,85,81,0.46,LA,1682286430
176,georgetown,5.4112,100.3354,299.11,94,20,2.06,MY,1682286096
177,saint george,37.1041,-113.5841,298.39,21,0,3.6,US,1682285992
178,ceres,37.5949,-120.9577,299.38,44,0,4.63,US,1682286156
179,anadyr,64.75,177.4833,267.43,85,75,9.0,RU,1682286436
180,ferkessedougou,9.6,-5.2,300.63,64,61,5.02,CI,1682286437
181,goure,13.9835,10.2704,303.64,11,43,3.42,NE,1682286438
182,coquimbo,-29.9533,-71.3436,291.0,67,0,4.63,CL,1682286236
183,tomatlan,19.9333,-105.25,303.59,37,39,3.88,MX,1682286359
184,atar,20.5169,-13.0499,301.02,19,0,3.39,MR,1682286442
185,arman,59.7,150.1667,274.73,62,72,8.95,RU,1682286337
186,thompson,55.7435,-97.8558,275.24,48,20,4.12,CA,1682285928
187,souillac,-20.5167,57.5167,298.36,83,40,1.54,MU,1682286229
188,bushehr,28.9684,50.8385,296.2,68,0,0.0,IR,1682286449
189,carutapera,-1.195,-46.02,297.85,93,100,3.16,BR,1682286450
190,lazaro cardenas,17.9583,-102.2,302.02,58,3,3.92,MX,1682286311
191,priargunsk,50.3691,119.1012,273.44,26,100,2.6,RU,1682286452
192,kifri,34.6959,44.9661,296.97,42,65,4.85,IQ,1682286453
193,port blair,11.6667,92.75,300.9,74,88,0.99,IN,1682286454
194,statesboro,32.4488,-81.7832,299.04,22,0,1.54,US,1682286456
195,coihaique,-45.5752,-72.0662,287.49,71,75,2.06,CL,1682286342
196,torbay,47.6666,-52.7314,276.64,97,100,9.83,CA,1682286206
197,carauari,-4.8828,-66.8958,298.18,93,92,0.57,BR,1682286460
198,grand gaube,-20.0064,57.6608,298.37,82,84,0.89,MU,1682286461
199,lengshuitan,26.4111,111.5956,281.99,89,100,2.75,CN,1682286462
200,port-gentil,-0.7193,8.7815,301.13,83,40,3.6,GA,1682286292
201,airai,-8.9266,125.4092,288.77,95,91,1.52,TL,1682286296
202,meulaboh,4.1363,96.1285,298.5,90,100,1.4,ID,1682286465
203,urumqi,43.801,87.6005,280.68,31,0,6.0,CN,1682286241
204,nhulunbuy,-12.2333,136.7667,300.49,83,75,5.66,AU,1682286467
205,srednekolymsk,67.45,153.6833,272.72,83,97,7.0,RU,1682286327
206,olga,43.7444,135.2892,278.23,35,1,4.51,RU,1682286469
207,fallon,39.4735,-118.7774,296.18,24,0,6.69,US,1682286470
208,faanui,-16.4833,-151.75,301.1,77,94,5.75,PF,1682286340
209,akyab,20.15,92.9,299.99,75,2,2.21,MM,1682286474
210,korhogo,9.45,-5.6333,299.87,61,79,5.76,CI,1682286475
211,jalu,29.0331,21.5482,298.7,23,0,4.51,LY,1682286251
212,padang,-0.9492,100.3543,298.18,90,100,1.69,ID,1682286478
213,sylacauga,33.1732,-86.2516,293.26,42,100,2.06,US,1682286479
214,hastings,50.8552,0.5729,282.01,41,100,7.65,GB,1682286230
215,grindavik,63.8424,-22.4338,278.12,75,0,1.54,IS,1682286481
216,hlobyne,49.3878,33.2596,283.62,69,63,1.53,UA,1682286482
217,vao,-22.6667,167.4833,298.44,77,52,4.88,NC,1682286345
218,puerto leguizamo,-0.1934,-74.7819,297.77,90,100,1.01,CO,1682286486
219,raduzhnyy,62.0961,77.475,276.25,98,100,5.96,RU,1682286487
220,safaga,26.7292,33.9365,297.98,52,100,1.5,EG,1682286488
221,monte alegre de sergipe,-10.0272,-37.5622,297.12,69,28,5.5,BR,1682286490
222,berlevag,70.8578,29.0864,272.12,86,100,10.8,NO,1682286491
223,banda aceh,5.5577,95.3222,300.45,77,84,0.45,ID,1682286391
224,hami,42.8,93.45,284.19,37,85,3.45,CN,1682286494
225,novoagansk,61.9449,76.6625,276.39,98,100,5.93,RU,1682286495
226,belyy yar,53.6039,91.3903,269.09,63,36,1.0,RU,1682286240
227,den helder,52.9599,4.7593,284.24,99,75,4.63,NL,1682286272
228,cabinda,-5.55,12.2,301.23,89,0,1.03,AO,1682286296
229,forestville,38.8451,-76.875,289.47,49,20,7.2,US,1682286500
230,acapulco,16.8634,-99.8901,304.05,62,0,3.6,MX,1682286238
231,rosarito,32.3333,-117.0333,296.83,73,38,3.65,MX,1682286502
232,manicore,-5.8092,-61.3003,304.12,66,20,2.06,BR,1682286503
233,yar-sale,66.8333,70.8333,273.08,98,100,6.49,RU,1682286231
234,henties bay,-22.116,14.2845,291.41,73,76,1.45,,1682286505
235,vila franca do campo,37.7167,-25.4333,291.38,95,92,6.8,PT,1682286305
236,pemangkat,1.1667,108.9667,299.26,84,96,1.74,ID,1682286508
237,santa cruz de la palma,28.6835,-17.7642,292.23,77,20,6.17,ES,1682286510
238,maputo,-25.9653,32.5892,294.94,86,0,3.13,MZ,1682286511
239,kalmunai,7.4167,81.8167,300.55,78,100,1.44,LK,1682286512
240,nikolskoye,59.7035,30.7861,286.37,66,45,3.25,RU,1682286323
241,dzilam gonzalez,21.2833,-88.9333,305.65,48,8,5.97,MX,1682286514
242,ghanzi,-21.5667,21.7833,296.13,33,24,2.89,BW,1682286515
243,sitka,57.0531,-135.33,284.09,58,100,4.63,US,1682286314
244,skibbereen,51.55,-9.2667,282.1,88,19,3.98,IE,1682286517
245,arica,-18.475,-70.3042,298.9,68,0,4.12,CL,1682286441
246,asfi,32.2994,-9.2372,290.34,73,28,9.69,MA,1682286205
247,bongandanga,1.5,21.05,293.89,99,100,0.99,CD,1682286520
248,laguna,38.421,-121.4238,300.53,40,0,4.12,US,1682286361
249,puerto del rosario,28.5004,-13.8627,292.01,72,20,7.2,ES,1682286524
250,pisco,-13.7,-76.2167,299.18,65,0,5.66,PE,1682286525
251,ewa beach,21.3156,-158.0072,302.12,65,0,4.63,US,1682286526
252,muros,42.7762,-9.0603,289.87,87,96,2.16,ES,1682286273
253,karratha,-20.7377,116.8463,299.27,61,86,1.26,AU,1682286528
254,esperance,-33.8667,121.9,292.98,40,68,8.31,AU,1682286225
255,kantunilkin,21.0917,-87.45,307.15,36,9,4.38,MX,1682286530
256,hrodna,53.6884,23.8258,283.76,68,23,4.79,BY,1682286531
257,namibe,-15.1961,12.1522,297.31,67,82,4.47,AO,1682286451
258,imuris,30.7833,-110.8667,303.52,10,72,6.82,MX,1682286533
259,urucui,-7.2294,-44.5561,300.58,46,16,1.55,BR,1682286276
260,moche,-8.1711,-79.0092,298.25,69,40,4.63,PE,1682286535
261,kamariotissa,40.4833,25.4667,287.28,71,41,3.26,GR,1682286536
262,de-kastri,51.4667,140.7833,274.53,74,31,3.82,RU,1682286537
263,amapa,1.0,-52.0,296.23,98,100,0.81,BR,1682286538
264,kibala,9.1104,18.3463,305.12,45,0,2.06,TD,1682286540
265,tiznit,29.5833,-9.5,293.0,61,33,0.16,MA,1682286400
266,staryy nadym,65.6118,72.6842,274.28,97,100,7.04,RU,1682286332
267,kemijarvi,66.7131,27.4306,267.83,92,100,0.3,FI,1682286543
268,palauig,15.435,119.9045,300.0,75,37,1.22,PH,1682286544
269,hasaki,35.7333,140.8333,286.05,59,100,8.5,JP,1682286226
270,svetlyy,54.675,20.1347,281.18,93,77,3.92,RU,1682286372
271,hirado,33.3597,129.5531,287.81,66,100,9.68,JP,1682286547
272,sheboygan,43.7333,-87.9334,277.58,62,100,3.6,US,1682286353
273,kaseda,31.4167,130.3167,289.17,69,98,3.37,JP,1682286549
274,matao,-21.6033,-48.3658,292.26,75,10,3.31,BR,1682286550
275,taguatinga,-12.3857,-46.5711,298.4,59,71,3.11,BR,1682286552
276,bayan,46.0833,127.4,275.55,23,1,2.8,CN,1682286553
277,tezu,27.9167,96.1667,291.99,91,100,1.1,IN,1682286554
278,kodinsk,58.6881,99.1844,269.86,89,100,1.93,RU,1682286555
279,saint-honore,48.5334,-71.0824,285.53,50,100,3.09,CA,1682286556
280,magadan,59.5667,150.8,274.63,63,87,8.12,RU,1682286557
281,labuan,5.2767,115.2417,301.35,74,20,1.54,MY,1682286440
282,asyut,27.181,31.1837,296.25,28,24,2.21,EG,1682286560
283,menongue,-14.6585,17.691,292.48,77,93,1.94,AO,1682286562
284,santa maria,-29.6842,-53.8069,295.76,56,0,2.57,BR,1682286563
285,bandarbeyla,9.4942,50.8122,300.61,70,27,2.15,SO,1682286564
286,ovsyanka,55.9575,92.5519,269.69,84,93,1.89,RU,1682286566
287,grojec,51.8625,20.8676,289.46,65,79,2.65,PL,1682286567
288,iqaluit,63.7506,-68.5145,274.0,86,100,4.63,CA,1682286116
289,tabou,4.423,-7.3528,299.87,86,90,2.29,CI,1682286570
290,hualmay,-11.0964,-77.6139,298.33,73,20,5.0,PE,1682286571
291,xiongzhou,25.1167,114.3,290.61,96,100,2.32,CN,1682286572
292,waddan,29.1614,16.139,291.97,62,14,5.24,LY,1682286358
293,lasa,46.6166,10.7002,285.64,97,100,1.47,IT,1682286574
294,verkhnyaya inta,65.9811,60.3094,266.65,91,60,7.11,RU,1682286252
295,yulara,-25.2406,130.9889,288.46,39,3,4.33,AU,1682286577
296,kanniyakumari,8.0833,77.5667,301.28,78,75,2.78,IN,1682286578
297,portland,45.5234,-122.6762,286.53,74,100,2.06,US,1682286356
298,ahipara,-35.1667,173.1667,289.84,74,97,8.93,NZ,1682286387
299,barinas,8.6226,-70.2075,307.17,43,77,1.62,VE,1682286581
300,bowen,-20.0167,148.2333,298.47,70,100,9.91,AU,1682286582
301,ostrow wielkopolski,51.655,17.8069,285.14,84,100,2.55,PL,1682286583
302,sur,22.5667,59.5289,301.8,55,97,4.82,OM,1682286232
303,honningsvag,70.9821,25.9704,273.01,59,100,8.23,NO,1682286586
304,mount isa,-20.7333,139.5,295.02,46,75,2.57,AU,1682286587
305,shagonar,51.5333,92.8,273.55,59,6,0.9,RU,1682286588
306,luganville,-15.5333,167.1667,301.14,74,55,2.33,VU,1682286305
307,camocim,-2.9022,-40.8411,299.62,79,100,4.21,BR,1682286584
308,appleton,44.2619,-88.4154,278.2,57,100,4.63,US,1682286553
309,victoria,22.2855,114.1577,297.25,89,66,4.47,HK,1682285986
310,ixtapa,20.7,-105.2,304.45,33,92,3.6,MX,1682286593
311,tailai,46.3833,123.4,277.03,17,7,3.23,CN,1682286594
312,bay roberts,47.5999,-53.2648,277.07,95,100,4.02,CA,1682286595
313,bharatpur,27.2167,77.4833,296.26,30,6,1.13,IN,1682286597
314,cabedelo,-6.9811,-34.8339,300.52,79,92,5.46,BR,1682286599
315,krasnyy yar,46.5331,48.3456,285.11,49,100,2.85,RU,1682286600
316,magdagachi,53.45,125.8,271.71,59,1,3.43,RU,1682286601
317,yichun,47.7,128.9,272.97,42,0,2.36,CN,1682286602
318,rio gallegos,-51.6226,-69.2181,283.18,62,75,2.57,AR,1682286604
319,balkanabat,39.5108,54.3671,296.85,38,74,2.83,TM,1682286279
320,tshane,-24.0196,21.8684,294.93,32,8,3.51,BW,1682286606
321,prainha,-1.8,-53.48,297.33,95,100,0.33,BR,1682286607
322,waingapu,-9.6567,120.2641,298.37,87,34,4.41,ID,1682286609
323,ponta do sol,32.6667,-17.1,292.43,75,98,1.27,PT,1682286227
324,korla,41.7597,86.1469,282.06,54,73,0.74,CN,1682286241
325,abha,18.2164,42.5053,289.05,44,0,0.0,SA,1682286612
326,kavaratti,10.5669,72.642,301.55,72,77,4.88,IN,1682286334
327,dingle,10.9995,122.6711,298.6,87,89,2.89,PH,1682286312
328,businga,3.3333,20.8833,295.44,91,88,1.18,CD,1682286617
329,uravakonda,14.95,77.2667,300.14,54,0,0.85,IN,1682286618
330,vila,42.0304,-8.1588,282.64,100,100,1.6,PT,1682286619
331,garden city,42.3256,-83.331,283.26,48,75,5.66,US,1682286422
332,hobyo,5.3505,48.5268,301.86,76,100,5.78,SO,1682286402
333,terrace bay,48.7834,-87.1,273.84,93,99,1.49,CA,1682286622
334,vero beach,27.6386,-80.3973,301.51,67,40,5.66,US,1682286624
335,san jose,37.3394,-121.895,297.18,59,20,8.23,US,1682286197
336,zhoucun,36.8167,117.8167,281.17,76,100,0.95,CN,1682286627
337,kununurra,-15.7667,128.7333,289.14,88,6,0.0,AU,1682286303
338,belmonte,-15.8631,-38.8828,297.4,89,89,5.29,BR,1682286629
339,piacabucu,-10.4056,-36.4344,298.77,74,16,3.16,BR,1682286630
340,constitucion,-35.3333,-72.4167,286.74,82,9,4.0,CL,1682286382
341,bauchi,10.5,10.0,301.4,51,99,3.58,NG,1682286632
342,ostrovnoy,68.0531,39.5131,267.75,77,9,9.68,RU,1682286278
343,sao filipe,14.8961,-24.4956,297.16,69,4,6.01,CV,1682286298
344,horasan,40.0458,42.1728,281.31,86,100,1.1,TR,1682286635
345,kikwit,-5.041,18.8162,293.84,99,100,0.25,CD,1682286636
346,nago,26.5881,127.9761,294.62,79,58,4.41,JP,1682286637
347,carroll,39.5501,-77.0164,287.77,49,100,4.47,US,1682286641
348,yamada,39.4667,141.95,280.56,49,100,4.0,JP,1682286642
349,codrington,-38.2667,141.9667,285.06,81,0,2.97,AU,1682286373
350,russell,32.3502,-85.1999,298.75,29,0,1.54,US,1682286644
351,antalaha,-14.9003,50.2788,296.77,93,43,1.82,MG,1682286289
352,kysyl-syr,63.8986,122.7617,265.65,93,40,2.98,RU,1682286646
353,clyde river,70.4692,-68.5914,265.28,86,40,6.17,CA,1682285982
354,hamilton,39.1834,-84.5333,281.9,53,100,6.69,US,1682285919
355,port lincoln,-34.7333,135.8667,290.68,61,0,4.19,AU,1682286649
356,iracoubo,5.4802,-53.2011,296.9,91,100,0.81,GF,1682286650
357,vestmannaeyjar,63.4427,-20.2734,276.65,94,96,9.68,IS,1682286436
358,vardo,70.3705,31.1107,269.14,100,65,10.29,NO,1682286239
359,wajima,37.4,136.9,282.38,42,50,3.14,JP,1682286628
360,sunrise manor,36.2111,-115.0731,304.39,16,0,3.6,US,1682286654
361,inta,66.0317,60.1659,266.78,90,53,7.08,RU,1682286655
362,puerto narino,-3.7703,-70.3831,298.48,94,81,1.36,CO,1682286656
363,panaba,21.2833,-88.2667,306.76,39,27,8.4,MX,1682286658
364,khani,41.9563,42.9566,279.91,89,100,2.23,GE,1682286659
365,north bend,43.4065,-124.2243,286.99,68,100,5.66,US,1682286235
366,santa fe,-31.6333,-60.7,293.71,84,100,1.79,AR,1682286602
367,katsuura,35.1333,140.3,284.02,85,100,8.6,JP,1682286238
368,naryan-mar,67.6713,53.087,264.89,91,24,6.34,RU,1682286666
369,paranhos,-23.8928,-55.4311,291.65,96,40,2.21,BR,1682286667
370,woodward,36.4337,-99.3904,292.02,22,40,5.14,US,1682286669
371,padampur,29.6833,73.6167,297.12,20,6,1.89,IN,1682286670
372,beringovskiy,63.05,179.3167,269.66,88,100,6.32,RU,1682286442
373,margate,51.3813,1.3862,281.98,88,99,2.68,GB,1682286420
374,nagato,34.3833,131.2,286.12,58,100,5.24,JP,1682286496
375,mataram,-8.5833,116.1167,297.6,86,28,1.03,ID,1682286674
376,linao,7.1678,124.9675,296.73,88,82,1.24,PH,1682286675
377,fare,-16.7,-151.0167,300.82,79,100,6.15,PF,1682286677
378,itabira,-19.6192,-43.2269,291.04,93,76,1.53,BR,1682286679
379,chaihe,44.7667,129.7,274.3,28,1,2.64,CN,1682286680
380,tombouctou,20.0,-3.0,301.19,11,0,4.14,ML,1682286681
381,morondava,-20.2833,44.2833,296.42,82,0,3.73,MG,1682286682
382,ovalle,-30.5983,-71.2003,294.58,53,13,2.67,CL,1682286552
383,matagami,49.7502,-77.6328,280.21,81,100,2.06,CA,1682286380
384,alpena,45.0617,-83.4327,279.33,71,100,4.02,US,1682286685
385,pangoa,-12.1167,-73.0,296.03,96,73,0.7,PE,1682286686
386,rio grande,-32.035,-52.0986,296.21,87,100,4.83,BR,1682286687
387,huilong,31.8111,121.655,285.31,79,100,9.84,CN,1682286352
388,basmat,19.3167,77.1667,302.45,38,96,4.13,IN,1682286690
389,mareeba,-17.0,145.4333,296.17,86,97,2.98,AU,1682286691
390,save,8.0425,2.486,299.78,81,100,2.15,BJ,1682286692
391,byron bay,-28.65,153.6167,295.02,63,89,8.07,AU,1682286408
392,tabas,33.5959,56.9244,297.39,32,66,1.46,IR,1682286694
393,chiredzi,-21.05,31.6667,293.87,52,60,1.8,ZW,1682286695
394,oudtshoorn,-33.5907,22.2014,289.35,72,100,2.21,ZA,1682286696
395,khasan,42.4308,130.6434,278.05,38,0,3.03,RU,1682286697
396,poum,-20.2333,164.0167,299.34,77,64,7.44,NC,1682286447
397,papa,47.33,17.4674,289.11,48,100,6.17,HU,1682286701
398,pacific grove,36.6177,-121.9166,295.59,83,100,5.14,US,1682286702
399,douentza,14.9951,-2.9517,304.5,14,6,3.13,ML,1682286703
400,pangnirtung,66.1451,-65.7125,274.55,90,99,0.95,CA,1682286349
401,la belleza,5.8637,-73.9617,288.15,84,94,1.02,CO,1682286706
402,iaciara,-14.0958,-46.6317,295.55,67,67,1.3,BR,1682286707
403,hornepayne,49.2138,-84.7705,273.23,92,100,2.56,CA,1682286708
404,saint albans,51.75,-0.3333,281.71,92,20,5.14,GB,1682286710
405,barahona,18.2085,-71.1008,301.05,69,20,8.23,DO,1682286472
406,port macquarie,-31.4333,152.9167,289.76,80,82,4.89,AU,1682286394
407,traverse city,44.7631,-85.6206,277.23,61,100,3.6,US,1682286713
408,sovetskiy,61.3614,63.5842,269.39,80,4,4.25,RU,1682286714
409,okha,53.5739,142.9478,271.83,79,35,9.38,RU,1682286715
410,marzuq,14.4,46.4667,297.26,45,42,2.29,YE,1682286717
411,kirakira,-10.4544,161.9205,302.08,75,28,3.03,SB,1682286321
412,oistins,13.0667,-59.5333,298.2,88,75,5.66,BB,1682286719
413,panguna,-6.3164,155.4848,298.09,77,39,0.93,PG,1682286720
414,axim,4.8699,-2.2405,300.65,83,92,2.96,GH,1682286721
415,flin flon,54.7682,-101.865,280.06,23,20,3.09,CA,1682286722
416,yinchuan,38.4681,106.2731,279.29,60,100,2.35,CN,1682286723
417,lake city,30.1897,-82.6393,301.96,29,0,4.63,US,1682286617
418,golubitskaya,45.3222,37.2822,281.38,80,43,2.88,RU,1682286725
419,tres picos,15.8667,-93.5333,304.5,57,29,3.7,MX,1682286727
420,dunmore town,25.5,-76.65,297.32,69,0,4.83,BS,1682286728
421,thinadhoo,0.5333,72.9333,301.85,75,84,2.62,MV,1682286315
422,benghazi,32.1167,20.0667,292.05,70,27,7.82,LY,1682286685
423,fauske,67.2588,15.3918,271.91,80,16,2.63,NO,1682286731
424,finschhafen,-6.6024,147.8681,301.5,70,78,2.25,PG,1682286732
425,minas,-34.3759,-55.2377,290.48,77,100,3.56,UY,1682286733
426,andenes,69.3143,16.1194,271.14,74,40,5.14,NO,1682286734
427,dhidhdhoo,6.8833,73.1,302.38,71,88,5.47,MV,1682286735
428,mondlo,-27.983,30.7177,284.26,78,29,1.4,ZA,1682286738
429,dunedin,-45.8742,170.5036,284.71,10,16,9.24,NZ,1682286739
430,aklavik,68.2191,-135.0107,257.82,81,100,6.7,CA,1682286316
431,palmerston,-12.486,130.9833,297.14,66,0,3.09,AU,1682286741
432,tupiza,-21.45,-65.7167,292.2,12,0,5.47,BO,1682286742
433,lethem,3.3803,-59.7968,298.06,83,98,2.06,GY,1682286743
434,echternach,49.8056,6.4222,284.39,92,93,5.65,LU,1682286744
435,wilmington,34.2257,-77.9447,295.9,50,70,2.24,US,1682286613
436,matadi,-5.8167,13.45,298.51,93,100,1.57,CD,1682286747
437,rawson,-43.3002,-65.1023,291.84,46,63,3.57,AR,1682286748
438,barcs,45.96,17.4586,286.7,76,100,2.55,HU,1682286749
439,svirstroy,60.7999,33.7248,278.9,83,53,1.76,RU,1682286750
440,qaqortoq,60.7167,-46.0333,274.79,82,90,1.02,GL,1682286704
441,nelson bay,-32.7167,152.15,294.82,80,100,3.13,AU,1682286752
442,straumen,63.8709,11.2999,274.15,89,100,3.83,NO,1682286753
443,olafsvik,64.8945,-23.7142,276.13,53,97,3.28,IS,1682286424
444,cagli,43.5457,12.6527,289.72,35,0,5.14,IT,1682286756
445,freeport,40.6576,-73.5832,292.11,62,20,5.14,US,1682286757
446,coahuayana,18.7333,-103.6833,303.88,54,24,3.59,MX,1682286455
447,dawei,14.0833,98.2,297.84,87,9,1.26,MM,1682286759
448,along,28.1667,94.7667,289.87,95,100,1.08,IN,1682286761
449,aykhal,66.0,111.5,263.34,98,100,0.56,RU,1682286363
450,san carlos de bariloche,-41.1456,-71.3082,290.01,42,0,2.57,AR,1682286749
451,leh,34.1667,77.5833,266.85,37,0,2.35,IN,1682286764
452,chudniv,50.052,28.1175,283.13,70,86,2.64,UA,1682286765
453,gravdal,68.1214,13.5031,269.09,86,0,2.57,NO,1682286271
454,dandong,40.1292,124.3947,280.25,23,98,3.67,CN,1682286767
455,san quintin,30.4833,-115.95,290.25,67,5,4.46,MX,1682286405
456,broome,42.2506,-75.833,282.03,88,100,5.66,US,1682286399
457,muir of ord,57.5198,-4.4594,277.92,85,98,4.2,GB,1682286770
458,dubbo,-32.25,148.6167,285.22,94,75,3.6,AU,1682286723
459,santiago,-33.4569,-70.6483,296.23,52,0,6.17,CL,1682286738
460,nishihara,26.1842,127.7558,294.75,85,40,3.09,JP,1682286353
461,luba,3.4568,8.5547,298.09,80,36,1.07,GQ,1682286776
462,kayes,14.0,-11.0,308.35,14,0,2.96,ML,1682286777
463,yerbogachen,61.2767,108.0108,266.43,95,100,1.82,RU,1682286778
464,khorinsk,52.1657,109.7726,267.33,78,27,1.56,RU,1682286780
465,merauke,-8.4667,140.3333,297.53,95,100,3.48,ID,1682286781
466,saldanha,-33.0117,17.9442,289.18,97,100,4.5,ZA,1682286416
467,morros,-9.4467,-46.3003,299.02,61,98,1.17,BR,1682286784
468,northam,51.0333,-4.2167,282.25,87,26,4.31,GB,1682286777
469,duluth,46.7833,-92.1066,279.46,42,100,4.12,US,1682286779
470,khagaria,25.5,86.4833,296.14,67,29,4.11,IN,1682286787
471,teya,60.3778,92.6267,273.74,90,100,2.45,RU,1682286788
472,sandnessjoen,66.0217,12.6316,274.21,67,20,6.17,NO,1682286789
473,ulladulla,-35.35,150.4667,289.22,81,66,2.2,AU,1682286704
474,acajutla,13.5928,-89.8275,302.93,67,100,3.65,SV,1682286791
475,vostok,46.4856,135.8833,272.54,75,100,4.03,RU,1682286793
476,paamiut,61.994,-49.6678,274.02,86,100,6.86,GL,1682286794
477,half moon bay,37.4636,-122.4286,296.97,79,0,10.8,US,1682286292
478,xingyi,24.1877,102.817,288.4,48,6,1.12,CN,1682286796
479,marrakesh,31.6315,-8.0083,296.19,46,42,5.14,MA,1682286797
480,mormugao,15.4,73.8,297.54,80,4,4.42,IN,1682286798
481,ambulu,-8.345,113.6058,297.01,91,65,1.33,ID,1682286800
482,turka,49.1541,23.0297,278.59,87,55,2.04,UA,1682286801
483,ojinaga,29.5667,-104.4167,298.94,33,0,6.17,MX,1682286802
484,leshukonskoye,64.8989,45.7622,262.89,92,49,2.06,RU,1682286803
485,husavik,66.0449,-17.3389,272.79,66,39,2.19,IS,1682286804
486,camapua,-19.5314,-54.0439,295.32,86,34,1.98,BR,1682286805
487,dzerzhinsk,56.2389,43.4631,278.05,75,0,0.0,RU,1682286807
488,nuristan,35.3,70.8333,271.19,43,2,5.06,AF,1682286808
489,karpinsk,59.7654,60.0085,272.42,72,7,2.93,RU,1682286809
490,hay river,60.8156,-115.7999,279.13,65,75,2.57,CA,1682286520
491,maarianhamina,60.0973,19.9348,279.07,93,100,5.14,AX,1682286811
492,batemans bay,-35.7167,150.1833,287.09,82,74,1.35,AU,1682286416
493,kalabo,-14.97,22.6814,296.47,53,100,1.42,ZM,1682286687
494,jacareacanga,-6.2222,-57.7528,296.53,94,99,1.14,BR,1682286384
495,dzaoudzi,-12.7887,45.2699,299.09,89,99,1.54,YT,1682286816
496,sturgis,41.7992,-85.4192,280.04,82,100,4.63,US,1682286817
497,sao desiderio,-12.3633,-44.9733,298.27,57,39,3.35,BR,1682286818
498,lagoa,39.05,-27.9833,289.47,94,100,7.15,PT,1682286234
499,roald,62.5833,6.1333,277.54,87,75,10.29,NO,1682286429
500,chon daen,16.1895,100.8596,301.59,65,93,1.51,TH,1682286821
501,evensk,61.95,159.2333,272.61,86,92,16.02,RU,1682286397
502,nara,34.6851,135.8049,285.65,26,70,1.35,JP,1682286824
503,tambopata,-12.7333,-69.1833,303.09,54,20,2.06,PE,1682286825
504,terrak,65.087,12.3715,275.08,89,100,1.53,NO,1682286826
505,lata,40.1629,-8.3327,289.71,98,82,0.79,PT,1682286827
506,guilin,25.2819,110.2864,285.21,93,100,4.02,CN,1682286829
507,sobolevo,54.4299,31.8996,283.78,67,84,2.28,RU,1682286384
508,palmer,42.1584,-72.3287,284.95,84,100,5.66,US,1682286831
509,calama,-22.4667,-68.9333,293.42,32,0,10.29,CL,1682286832
510,urucara,-2.5364,-57.76,298.37,89,100,0.1,BR,1682286833
511,nyurba,63.2842,118.3319,262.36,97,95,1.41,RU,1682286223
512,lubango,-14.9172,13.4925,291.07,88,0,1.03,AO,1682286835
513,chunskiy,56.0815,99.6342,268.72,90,14,1.35,RU,1682286836
514,manama,26.2154,50.5832,301.44,46,0,4.12,BH,1682286838
515,artyom,40.4723,50.333,285.23,80,100,6.22,AZ,1682286839
516,mbamba,9.9833,13.1,303.48,37,72,1.85,NG,1682286840
517,antofagasta,-23.65,-70.4,292.75,82,7,2.24,CL,1682286841
518,bathsheba,13.2167,-59.5167,298.49,88,75,5.66,BB,1682286256
519,pingliang,35.5392,106.6861,274.92,97,100,2.25,CN,1682286779
520,zhanakorgan,43.9098,67.2495,293.34,27,99,7.55,KZ,1682286844
521,saravan,39.7196,45.6483,282.14,62,82,2.68,AM,1682286846
522,clonakilty,51.6231,-8.8706,281.71,85,11,3.05,IE,1682286847
523,mahon,39.8885,4.2658,289.46,100,75,2.57,ES,1682286848
524,taraz,42.9,71.3667,282.38,71,99,3.0,KZ,1682286565
525,eirunepe,-6.6603,-69.8736,298.17,92,97,1.19,BR,1682286850
526,huarmey,-10.0681,-78.1522,299.27,75,26,4.59,PE,1682286740
527,smirnykh,49.75,142.8333,275.67,58,34,4.34,RU,1682286717
528,sechelt,49.4664,-123.7694,284.42,85,100,2.87,CA,1682286853
529,lorengau,-2.0226,147.2712,300.42,81,100,1.29,PG,1682286396
530,esmeralda,21.8525,-78.1169,301.96,48,1,5.32,CU,1682286857
531,farmington,36.7281,-108.2187,291.04,20,0,5.66,US,1682286715
532,payo,-3.7508,103.6372,295.73,97,64,0.77,ID,1682286860
533,ponta pora,-22.5361,-55.7256,299.1,57,40,0.0,BR,1682286861
534,kahului,20.8947,-156.47,301.16,51,20,4.12,US,1682286787
535,eregli,37.5133,34.0467,282.93,77,60,1.27,TR,1682286863
536,sechura,-5.5569,-80.8222,299.39,79,100,4.1,PE,1682286704
537,karymskoye,51.6167,114.35,269.16,62,53,2.68,RU,1682286865
538,aras,42.5617,-2.356,284.39,94,100,1.03,ES,1682286411
539,ambrolauri,42.5211,43.1622,284.19,93,100,2.61,GE,1682286868
540,lancaster,40.2504,-76.2499,287.99,49,75,8.75,US,1682286688
541,pundaguitan,6.3711,126.1689,300.94,77,54,3.75,PH,1682286870
542,bubaque,11.2833,-15.8333,299.17,68,0,8.6,GW,1682286871
543,liku,-0.7275,119.8922,297.06,90,81,1.66,ID,1682286872
544,lola,7.8,-8.5333,296.74,87,41,1.53,GN,1682286873
545,port moresby,-9.4431,147.1797,299.76,78,95,1.48,PG,1682286875
546,san vicente,-26.6167,-54.1333,291.87,67,36,0.99,AR,1682286877
547,mehamn,71.0357,27.8492,272.1,93,40,3.09,NO,1682286408
548,lianran,24.9227,102.485,288.45,54,3,0.75,CN,1682286879
549,san pedro,14.35,121.0167,301.72,77,75,2.06,PH,1682286323
550,alamos,27.0167,-108.9333,306.97,7,0,4.2,MX,1682286882
551,jonava,55.0833,24.2833,286.89,54,46,3.6,LT,1682286883
552,ninghai,29.2892,121.4247,286.62,97,100,1.77,CN,1682286763
553,nuuk,64.1835,-51.7216,276.49,81,75,1.03,GL,1682286885
554,rovaniemi,66.5,25.7167,272.82,47,0,2.57,FI,1682286727
